ARAB;ENG
البرنامج الأكاديمي;Academic Program
المحاسبة;Accounting
المحاسبة;Accounting
المحاسبة;Accounting
المحاسبة;Accounting
المحاسبة;Accounting
المحاسبة;Accounting
المحاسبة;Accounting
المحاسبة;Accounting
المحاسبة;Accounting
المحاسبة;Accounting
المحاسبة;Accounting
المحاسبة;Accounting
المحاسبة;Accounting
المحاسبة;Accounting
المحاسبة;Accounting
المحاسبة;Accounting
المحاسبة;Accounting
المحاسبة;Accounting
محاسبة;Accounting
محاسبة;Accounting
المحاسبة;Accounting
المحاسبة;Accounting
المحاسبة;Accounting
المحاسبة;Accounting
المحاسبة ونظم المعلومات الإدارية;Accounting and management information systems
الإدارية والإنسانية;Administrative and humanitarian
الإدارة;Administration
الإدارة;Administration
الإدارة ;Administration
الإدارة;Administration
الإدارة;Administration
الإدارة;Administration
العلوم الإدارية;Administration Science
العلوم الإدارية;Administration Science
العلوم الإدارية;Administration Science
العلوم الإدارية;Administration Science
العلوم الإدارية;Administration Science
العلوم الإدارية;Administration Science
العلوم الإدارية;Administration Science
العلوم الإدارية;Administration Science
العلوم الإدارية;Administration Science
العلوم الإدارية;Administration Science
العلوم الإدارية ;Administration Science
العلوم الإدارية والإنسانية;Administrative Sciences and Humanities
العلوم الإدارية وتقنياتها;Administrative Sciences and technologies
العلوم الإدارية وتقنياتها;Administrative Sciences and technologies
التقنية الإدارية;Administrative and technical
التقنية الإدارية;Administrative and technical
التقنية الإدارية;Administrative and technical
التقنية الإدارية;Administrative and technical
الإعلان;Advertising
التعليم المتقدم في طب الأسنان العام;Advanced Education in General Dentistry
اللغة العربية والنحو والصرف;Arabic language and grammar
هندسة الطيران والفضاء;Aerospace Engineering
زراعة;Agriculture
الأعمال الزراعية وعلوم المستهلك;Agri-business and consumer sciences
الاقتصاد الزراعي;Agricultural economy
الهندسة الزراعية;Agricultural engineering
البيئة والمصادر الطبيعية الزراعية;Agricultural environment and natural resources
هندسة النظم الزراعية;Agricultural Systems Engineering
تقنية هندسة الإكترونيات والآلات الدقيقة;Alakatronyat Technology and Instrumentation Engineering
التربية الخاسة;Alkhash Education
الهندسة الميكيانيكية;Almikianikih Engineering
التشريح;Anatomy
التخدير;Anesthesia
التخدير;Anesthesia
التخدير والعمليات;Anesthesia and processes
الإنتاج الحيواني والسمكي;Animal and Fishery Production
الإنتاج الحيواني;Animal Production
الفنون التطبيقية;Applied Arts
اللغويات التطبيقية;Applied Linguistics
اللغويات التطبيقية;Applied Linguistics
العلوم الطبية التطبيقية;Applied Medical Sciences
العلوم الطبية التطبيقية;Applied Medical Sciences
العلوم الطبيعية التطبيقية;Applied Natural Sciences
العلوم التطبيقية;Applied Science
العلوم التطبيقية;Applied Science
اللغة العربية وآدابها;Arabic language and its literature
اللغة العربية وآدابها;Arabic language and its literature
اللغة العربية وآدابها;Arabic language and its literature
اللغة العربية وآدابها;Arabic language and its literature
اللغة العربية وآدابها;Arabic language and its literature
اللغة العربية وآدابها;Arabic language and its literature
اللغة العربية وآدابها;Arabic language and its literature
اللغة العربية وآدابها;Arabic language and its literature
العمارة;Architecture
العمارة;Architecture
العمارة;Architecture
الهندسة المعمارية;Architecture
الهندسة المعمارية;Architecture
الهندسة المعمارية;Architecture
العمارة;Architecture
الهندسة المعمارية;Architecture
العمارة;Architecture
العمارة وعلوم البناء;Architecture and Building Sciences
التصميم المعماري;Architectural Design
زراعة المناطق الجافة;Arid Land Agriculture
الحسبة ;Arithmetic
اللغة العربية;Arabic language
اللغة العربية;Arabic language
اللغة العربية;Arabic language
اللغة العربية;Arabic language
اللغة العربية;Arabic language
اللغة العربية;Arabic language
اللغة العربية;Arabic language
اللغة العربية;Arabic language
اللغة العربية;Arabic language
اللغة العربية;Arabic language
اللغة العربية;Arabic language
اللغة العربية;Arabic language
اللغة العربية;Arabic language
اللغة العربية;Arabic language
اللغة العربية;Arabic language
اللغة العربية;Arabic language
اللغة العربية;Arabic language
اللغة العربية;Arabic language
اللغة العربية;Arabic language
اللغة العربية;Arabic language
اللغة العربية;Arabic language
اللغة العربية;Arabic language
اللغة العربية;Arabic language
اللغة العربية;Arabic language
اللغة العربية ;Arabic language
اللغة العربية ;Arabic language
اللغة العربية ;Arabic language
اللغة العربية;Arabic language
اللغة العربية;Arabic language
اللغة العربية;Arabic language
اللغة العربية;Arabic language
اللغة العربية;Arabic language
الأدب العربي;Arabic literature
اللغة العربية لغير الناطقين بها;Arabic language to non-native speakers
الآداب;Arts
التربية الفنية;Art education
التربية الفنية;Art education
التربية الفنية;Art education
التربية الفنية;Art education
التربية الفنية;Art education
 الآداب والعلوم الإنسانية;Arts and Humanities
مساعد طبيب;Assistant doctor
الفلك;Astronomy
هندسة الطيران;Aviation Engineering
برنامج بكالوريوس علوم الحاسبات (تجسير);Bachelor of Computer Science (bridging)
إدارة أعمال بنكية;Bank Business Administration
الأعمال المصرفية والتمويل;Banking and Finance
الأعمال المصرفية والتمويل;Banking and Finance
تعليم أساسي اللغة العربية;Basic Arabic language education
التعليم الأساسي;The basic education
التعليم الأساسي;The basic education
 المهارات الأساسية;Basic Skills
العلوم الأساسية وتقنياتها;Basic sciences and technologies
العلوم الأساسية ومواد الأعداد;Basic sciences and material numbers
الباطنة;Batinah
إدارة الأعمال والمعلومات;Business and Information Management
أحياء;Biology
الأحياء;Biology
الأحياء;Biology
الأحياء;Biology
الأحياء;Biology
الأحياء;Biology
الأحياء;Biology
الأحياء;Biology
الأحياء;Biology
الأحياء;Biology
الأحياء;Biology
الأحياء;Biology
الأحياء;Biology
الأحياء;Biology
الأحياء;Biology
الأحياء;Biology
الاحياء;Biology
علومالأحياء;Biology
علم الأحياء;Biology
الأحياء;Biology
الأحياء;Biology
الكيمياء الحيوية;Biochemistry
الكيمياء الحيوية;Biochemistry
كيمياء حيوية;Biochemistry
التكنولوجيا الطبية الحيوية;Biomedical Technology
العلوم الحيوية;Biological Sciences
النبات والأحياء الدقيقة;Botany and Microbiology
 تجسير علوم مختبرات إكلينيكية;Bridging the clinical laboratory sciences
 تجسير العناية التنفسية;Bridging the Respiratory Care
علوم تقنية البناء;Building Technology Science
إدارة أعمال;Business Administration
إدارة أعمال;Business Administration
إدارة أعمال;Business Administration
إدارة أعمال;Business Administration
إدارة أعمال;Business Administration
إدارة أعمال;Business Administration
إدارة أعمال;Business Administration
إدارة أعمال;Business Administration
إدارة أعمال;Business Administration
عام إدارة أعمال;In Business Administration
الأعمال;Business
إدارة الأعمال;Business Management
إدارة الأعمال;Business Management
إدارة الأعمال;Business Management
إدارة الأعمال;Business Management
إدارة الأعمال;Business Management
إدارة الأعمال;Business Management
إدارة الأعمال;Business Management
إدارة الأعمال;Business Management
إدارة الأعمال;Business Management
إدارة الأعمال;Business Management
إدارة الأعمال;Business Management
إدارة الأعمال;Business Management
إدارة الأعمال;Business Management
إدارة الأعمال;Business Management
إدارة الأعمال;Business Management
إدارة الأعمال;Business Management
إدارة الأعمال;Business Management
إدارة الأعمال;Business Management
إدارة الأعمال;Business Management
إدارة الأعمال;Business Management
إدارة الأعمال;Business Management
إدارة الأعمال;Business Management
إدارة الأعمال ;Business Management
إدارة الأعمال ;Business Management
ادارة الاعمال;Business Management
إدارة الأعمال;Business Management
إدارة الأعمال;Business Management
إدارة الأعمال;Business Management
إدارة الأعمال;Business Management
إدارة الأعمال;Business Management
إدارة الأعمال;Business Management
إدارة الأعمال وتقنياتها;Business and technology management
الدعوة ;Call
الدعوة;Call
الطوارئ الطبية والعناية المركزية;Central Emergency Medical Care
مركز الدراسات الإسلامية;Centre for Islamic Studies
الكيمياء;Chemistry
الكيمياء;Chemistry
الكيمياء;Chemistry
الكيمياء;Chemistry
الكيمياء;Chemistry
الكيمياء;Chemistry
الكيمياء;Chemistry
الكيمياء;Chemistry
الكيمياء;Chemistry
الكيمياء;Chemistry
الكيمياء;Chemistry
الكيمياء;Chemistry
الكيمياء;Chemistry
الكيمياء;Chemistry
الكيمياء;Chemistry
الكيمياء;Chemistry
الكيمياء;Chemistry
الكيمياء;Chemistry
الكيمياء;Chemistry
الكيمياء;Chemistry
الكيمياء;Chemistry
الكيمياء;Chemistry
كيمياء;Chemistry
الكيمياء;Chemistry
كيمياء;Chemistry
الكيمياء;Chemistry
الكيمياء;Chemistry
الكيمياء;Chemistry
الهندسة الكيميائية;Chemical Engineering
الهندسة الكيميائية;Chemical Engineering
الهندسة الكيميائية;Chemical Engineering
الهندسة الكيميائية;Chemical Engineering
التقنية الكيميائية;Chemical Technology
التقنية الكيميائية;Chemical Technology
دراسات الطفولة;Childhood Studies
تخطيط المدن والأقاليم;City and Regional Planning
التقنية المدنية والمعمارية;Civil and Architectural Technology
تقنية مدنية ومعمارية;Civil and Architectural Technique
الهندسة المدنية;Civil engineering
الهندسة المدنية;Civil engineering
الهندسة المدنية;Civil engineering
الهندسة المدنية;Civil engineering
الهندسة المدنية;Civil engineering
الهندسة المدنية;Civil engineering
الهندسة المدنية;Civil engineering
الهندسة المدنية (تجسير);Civil Engineering (bridging)
هندسة مدنية;Civil engineering
هندسة مدنية;Civil engineering
الهندسة المدنية;Civil engineering
 الهندسة المدنية;Civil engineering
تقنية مدنية معمارية;Civilian technology architecture
الكيمياء الحيوية السريرية;Clinical Biochemistry
علوم المختبرات الإكلينيكية;Clinical Laboratory Sciences
علوم المختبرات الإكلينيكي;Clinical laboratory sciences
علوم المختبرات الإكلينيكية;Clinical Laboratory Sciences
التغذية الأكلينيكية;Clinical Nutrition
التغذية السريرية;Clinical Nutrition
الصيدلة السريرية;Clinical Pharmacy
الصيدلة الإكلينيكية;Clinical Pharmacy
الدراسات الإكلينيكية;Clinical Studies
الملابس والنسيج;Clothing and textiles
الملابس والنسيج;Clothing and textiles
الاتصالات وشبكات الحاسب;Communications & Computer Networks
قسم الحاسب الآلي;Computer Department
اتصالات;Communication
اتصالات;Communication
صحة المجتمع;Community Health
تمريض صحة المجتمع والصحة النفسية;Community health and mental health nursing
الاتصال والإعلام;Communication and Information
الاتصال والإعلام;Communication and Information
القانون التجاري;Commercial Law
خدمة مجتمع;Community service
تقنية الاتصالات;Communication Technology
شبكات الحاسب;Computer Networks
شبكات الحاسب ;Computer Networks
شبكات الحاسب الآلي;Computer networks
 الحاسب الالي;Computer
الحاسب الآلي;Computer
الحاسب الآلي;Computer
الحاسب الآلي;Computer
الحاسب الآلي;Computer
الحاسب الآلي;Computer
الحاسب الآلي;Computer
الحاسب الآلي;Computer
الحاسب الآلي;Computer
الحاسب الآلي;Computer
حاسب آلي;Computer
حاسب آلي;Computer
الحاسب;Computer
تطبيقات الحاسب الآلي;Computer Applications
تطبيقات الحاسب الآلي;Computer Applications
هندسة الحاسب;Computer Engineering
هندسة الحاسب;Computer Engineering
هندسة الحاسب;Computer Engineering
هندسة الحاسب;Computer Engineering
هندسة الحاسب الآلي;Computer Engineering
هندسة الحاسب الآلي;Computer Engineering
هندسة الحاسب الآلي;Computer Engineering
هندسة الحاسب الآلي;Computer Engineering
هندسة الحاسب الآلي;Computer Engineering
هندسة الحاسب;Computer Engineering
نظم المعلومات الحاسوبية;Computer Information Systems
علوم الحاسب والمعلومات;Computer and Information Sciences
علوم الحاسب والمعلومات;Computer and Information Sciences
علوم الحاسب والمعلومات;Computer and Information Sciences
علوم الحاسب والمعلومات;Computer and Information Sciences
علوم الحاسب والمعلومات;Computer and Information Sciences
الحاسب ونظم المعلومات;Computer and information systems
الحاسب الآلي وتقنية المعلومات;Computer and Information Technology
الفقه المقارن;Comparative Jurisprudence
إدارة شبكات الحاسب الآلي;Computer network management
علوم الحاسب الآلي ونظم المعلومات;Computer Science and Information Systems
علوم الحاسب الآلي ونظم المعلومات;Computer Science and Information Systems
علوم الحاسب;Computer Science
علوم الحاسب;Computer Science
علوم الحاسب;Computer Science
علوم الحاسب;Computer Science
علوم الحاسب;Computer Science
علوم الحاسب;Computer Science
علوم الحاسب;Computer Science
علوم الحاسب;Computer Science
علوم الحاسب;Computer Science
علوم الحاسب;Computer Science
علوم الحاسب;Computer Science
علوم الحاسب;Computer Science
علوم الحاسب;Computer Science
علوم الحاسب;Computer Science
علوم الحاسب;Computer Science
علوم الحاسب;Computer Science
علوم الحاسب الآلي;Computer Science
علوم الحاسب الآلي;Computer Science
علوم الحاسب الآلي;Computer Science
علوم الحاسب الآلي;Computer Science
علوم الحاسب الآلي;Computer Science
علوم الحاسب الآلي;Computer Science
علوم الحاسب الآلي;Computer Science
علوم الحاسب الآلي;Computer Science
علوم الحاسب الآلي;Computer Science
علوم الحاسب الآلي;Computer Science
علوم الحاسب الآلي;Computer Science
علوم الحاسب الآلي;Computer Science
علوم الحاسب الآلي;Computer Science
علوم الحاسب الآلي;Computer Science
علوم الحاسب الآلي;Computer Science
علوم الحاسب الآلي;Computer Science
علوم الحاسب الآلي;Computer Science
علوم الحاسب الآلي;Computer Science
علوم الحاسب الآلي;Computer Science
علوم الحاسب الآلي;Computer Science
علوم الحاسب الآلي;Computer Science
علوم الحاسب الآلي;Computer Science
علوم الحاسب الآلي;Computer Science
علوم الحاسب الآلي;Computer Science
علوم الحاسب الآلي;Computer Science
علوم الحاسبات;Computer Science
علوم الحاسبات;Computer Science
علوم الحاسب;Computer Science
علوم الحاسب;Computer Science
علوم حاسب;Computer Science
علوم وهندسة الحاسب;Computer Science and Engineering
علوم وهندسة الحاسب;Computer Science and Engineering
علوم وهندسة الحاسب ;Computer Science and Engineering
تقنية الحاسب;Computer Technology
تقنية الحاسب;Computer Technology
تقنية الحاسب;Computer Technology
تقنية الحاسب ;Computer Technology
تقنية الحاسب ;Computer Technology
تقنية الحاسب الآلي;Computer Technology
هندسة التشييد;Construction Engineering
هندسة وإدارة التشييد;Construction Engineering and Management
مجلس برنامج ماجستير التنوع الإحيائي;Council Master biodiversity program
العقيدة;Creed
العقيدة ;Creed
القانون الجنائي;Criminal Law
زراعة الأراضي القاحلة;The cultivation of arid lands
المناهج وطرق التدريس;Curriculum and Instruction
المناهج وطرق التدريس;Curriculum and Instruction
المناهج وطرق التدريس;Curriculum and Instruction
المناهج وطرق التدريس;Curriculum and Instruction
المناهج وطرق التدريس;Curriculum and Instruction
المناهج وطرق التدريس;Curriculum and Instruction
المناهج وطرق التدريس;Curriculum and Instruction
المناهج وطرق التدريس;Curriculum and Instruction
مناهج وطرق تدريس العلوم الشرعية;Curricula and teaching methods of forensic science
مناهج وطرق تدريس الرياضيات;Curricula and methods of teaching mathematics
مناهج وطرق تدريس;Curriculum and Teaching Methods
المناهج وتكنولوجيا التعليم;Curriculum and Technology Education
التاريخ;Date
التاريخ ;Date
التاريخ ;Date
التاريخ;Date
التاريخ;Date
التاريخ;Date
التاريخ;Date
الدعوة وأصول الدين;Dawa and Fundamentals of Religion
الدعوة والثقافة الإسلامية;Dawa Islamic culture
الدعوة والثقافة الاسلامية;Dawa Islamic culture
عمادة التعليم عن بعد - تأهيلية;Deanship of Distance Learning - qualifying
رعاية صحة الأسنان;Dental health care
طب وجراحة الفم والأسنان;Dental and Oral Surgery
طب وجراحة الفم والأسنان;Dental and Oral Surgery
طب وجراحة الفم والأسنان;Dental and Oral Surgery
طب وجراحة الأسنان;Dental Surgery
طب وجراحة الأسنان;Dental Surgery
تقنية الأسنان;Dental Technology
طب أسنان عام;Dentistry in
طب الأسنان;Dentistry
طب الأسنان;Dentistry
طب الأسنان;Dentistry
طب الأسنان;Dentistry
طب الأسنان;Dentistry
طب الأسنان;Dentistry
إدارة خدمات صحية ;Department of health services
تصميم الملابس والحلي;Design clothes and ornaments
الأشعة التشخيصية;Diagnostic Radiology
الأشعة التشخيصية;Diagnostic Radiology
برامج الدبلوم لحملة الشهادات الجامعية;Diploma holders of university degree programs
برامج الدبلوم لحملة الثانوية العامة أو ما يعادلها;Diploma programs for high school campaign or equivalent
العقيدة والمذاهب المعاصرة;Doctrine and contemporary doctrines
العقيدة والمذاهب المعاصرة;Doctrine and contemporary doctrines
العقيدة والمذاهب المعاصره;Dogma and doctrines contemporary
الإصلاح الأسري;Domestic reform
عمادة البرامج التحضيرية;Deanship preparatory programs
الدبلوم التأهيلي لأعمال السكرتارية ;Diploma qualifying for secretarial work
العقاقير;Drugs
الاقتصاد;Economy
الاقتصاد;Economy
الاقتصاد;Economy
الاقتصاد;Economy
اقتصاد وادارة;Economics and Administration
اقتصاد وادارة;Economics and Administration
الاقتصاد والعلوم الإدارية;Economics and Administrative Sciences
اقتصاد وادارة غير محدد;Economics and Administration Unknown
الاقتصاد والتمويل;Economics and Finance
التجارة الإلكترونية;E-Commerce
التربية;Education
التربية;Education
التربية;Education
التربية ;Education
التربية ;Education
التربية ;Education
التربية;Education
التربية;Education
التربية;Education
تربوي  (موازي);Educational (parallel)
الإدارة التربوية;Educational administration
الإدارة التربوية;Educational administration
الادارة التربوية ;Educational administration
الإدارة التعليمية;Educational administration
الإدارة التربوية;Educational administration
الإدارة التربوية;Educational administration
الإدارة التربوية;Educational administration
التربية في الإدارة والإشراف التربوي;Education in Educational Administration and Supervision
دبلوم تربوي;Educational Diploma
التوجية والارشاد التربوي;Educational guidance and counseling
التربية والتنمية البشرية;Education and Human Development
التربية ورياض الأطفال;Education and kindergartens
التربية في وسائل وتكنولوجيا التعليم;Education in the media and technology education
السياسات التربوية;Educational policies
علم النفس التربوي;Educational Psychology
علم النفس التربوي;Educational Psychology
التربية وعلم النفس;Education and Psychology
علم النفس التربوي;Educational Psychology
التربية وعلم النفس;Education and Psychology
التربية وعلم النفس ;Education and Psychology
العلوم التربوية;Educational Sciences
تقنيات التعليم ;Education Technology
 تقنيات التعليم ;Education Technology
تقنيات التعليم;Education Technology
الآثار;Effects
الهندسة الكهربائية وهندسة الحاسبات;Electrical and Computer Engineering
الهندسة الكهربائية;Electrical engineering
الهندسة الكهربائية;Electrical engineering
الهندسة الكهربائية;Electrical engineering
الهندسة الكهربائية;Electrical engineering
الهندسة الكهربائية;Electrical engineering
الهندسة الكهربائية;Electrical engineering
الهندسة الكهربائية;Electrical engineering
الهندسة الكهربائية;Electrical engineering
الهندسة الكهربائية;Electrical engineering
الهندسة الكهربائية (تجسير);Electrical engineering (bridge)
هندسة كهربائية;Electrical engineering
الهندسة الكهربائية;Electrical engineering
 الهندسة الكهربائية;Electrical engineering
تقنية هندسة القوى الكهربائية;Electrical Power Engineering Technology
قوى كهربائية;Electric Power
تقنية القوى الكهربائية;Electrical Power Technology
التقنية الكهربائية;Electrical
التقنية الكهربائية;Electrical
التقنية الكهربائية;Electrical
التقنية الإلكترونية;Electronic Tech
التقنية الإلكترونية;Electronic Tech
التقنية الإلكترونية;Electronic Tech
الإسعاف والطوارئ;Emergency
طب الطوارئ;Emergency Medicine
طب الطوارئ;Emergency Medicine
تقنية طب الطوارئ;Emergency Medicine Technology
تمريض طوارئ;Emergency Nursing
الهندسة;Engineering
الهندسة;Engineering
عام هندسة;In Engineering
هندسة;Engineering
العلوم الهندسية والتطبيقية ;Engineering and Applied Science
اللغة الإنجليزية;English language
اللغة الإنجليزية;English language
اللغة الإنجليزية;English language
اللغة الإنجليزية;English language
اللغة الإنجليزية;English language
اللغة الإنجليزية;English language
اللغة الإنجليزية;English language
اللغة الإنجليزية;English language
اللغة الإنجليزية;English language
اللغة الإنجليزية;English language
اللغة الإنجليزية;English language
اللغة الإنجليزية;English language
اللغة الإنجليزية;English language
اللغة الإنجليزية;English language
اللغة الإنجليزية;English language
اللغة الإنجليزية;English language
اللغة الإنجليزية;English language
اللغة الإنجليزية;English language
اللغة الإنجليزية;English language
اللغة الإنجليزية;English language
اللغة الإنجليزية;English language
اللغة الإنجليزية;English language
اللغة الإنجليزية;English language
اللغة الإنجليزية;English language
اللغة الإنجليزية;English language
اللغة الإنجليزية;English language
اللغة الإنجليزية;English language
اللغة الإنجليزية;English language
اللغة الإنجليزية;English language
اللغة الإنجليزية;English language
اللغة الإنجليزية;English language
اللغة الإنجليزية;English language
اللغة الإنجليزية;English language
اللغة الإنجليزية;English language
اللغة الإنجليزية;English language
اللغة الإنجليزية;English language
اللغة الإنجليزية;English language
اللغة الإنجليزية;English language
اللغة الإنجليزية;English language
اللغة الإنجليزية;English language
اللغة الإنجليزية;English language
اللغة الإنجليزية;English language
اللغة الإنجليزية;English language
اللغة الإنجليزية;English language
اللغة الانجليزية;English language
اللغة الانجليزية;English language
اللغة الانجليزية;English language
اللغة الإنجليزية;English language
اللغة الإنجليزية وآدابها;English language and literature
اللغة الإنجليزية وآدابها;English language and literature
اللغة الإنجليزية وآدابها;English language and literature
الإدارة الهندسية;Engineering Management
العلوم الهندسية;Engineering Sciences
صحة البيئة;Environmental Health
صحة البيئة;Environmental Health
العلوم البيئية;Environmental Science
تقنية البيئة;Environmental Technology
تقنية البيئة;Environmental Technology
تقنية البيئة;Environmental Technology
الوبائيات;Epidemiology
اللغات الأوروبية وآدابها;European Languages ​​and Literature
إدارة الخدمات الصحية والمستشفيات التنفيذي ;Executive management of health services and hospitals
الماجستير التنفيذي في إدارة الأعمال;Executive Master of Business Administration
برنامج الماجستير التنفيذي في إدارة الأعمال;Executive Master of Business Administration
الماجستير التنفيذي في إدارة الأغمال;Executive Master in Management Alogmal
أسرة وطفولة;Family and Children
علوم الأسرة والطفولة;Family and Children Science
طب العائلة والمجتمع;Family and Community Medicine
الإرشاد الأسري;Family counseling
الإرشاد الإسري;Family counseling
طب الأسرة والمجتمع;Family medicine
طب الأسرة والمجتمع;Family medicine
العلوم المالية والإدارية;Financial and Administrative Sciences
العلوم المالية والإدارية;Financial and Administrative Sciences
المالية;Finance
تصاميم الأزياء;Fashion Designs
المالية ;Finance
تصميم الأزياء;Fashion Design
تصميم الأزياء;Fashion Design
تصميم الأزياء;Fashion Design
المحاسبة المالية;Financial Accounting
الإدارة المالية;Financial administration
الإدارة المالية;Financial administration
العلوم الإدارية والمالية وتقنياتها;Administrative and financial sciences and technologies
مالية وبنوك;Financial and banks
المالية والاقتصاد;Finance and Economy
التمويل والاستثمار;Finance and investment
إدارة مالية;Financial management
إدارة مالية;Financial management
ا لعلوم المالية;Financial Sciences
التربية الأسرية;Family Life Education
التربية الأسرية;Family Life Education
الفقه ;Fiqh
الفقه ;Fiqh
علوم الأغذية والتغذية;Food Science and Nutrition
الغذاء والتغذية;Food and Nutrition
علوم الغذاء والتغذية;Food Science and Nutrition
تقنية التصنيع الغذائي;Food processing technology
تقنية الإنتاج الغذائي;Food Production Technology
علوم الأغذية;Food Science
علوم الأغذية وتغذية الإنسان;Food Science and Human Nutrition
اللغات الأجنبية;Foreign languages
أصول التربية;Foundations of Education
أصول التربية;Foundations of Education
أصول التربية;Foundations of Education
اللغة الفرنسية والترجمة;French Language and Translation
إدارة عامة;General Administration
الإدارة العامة;The general Administration
الإدارة العامة;The general Administration
الدبلوم العام ;General Diploma
الدبلوم العام في التربية;General Diploma in Education
الدبلوم العام في التربية;General Diploma in Education
الدبلوم العام في التربية;General Diploma in Education
الدبلوم العام في التربية;General Diploma in Education
الدبلوم العام في التربية;General Diploma in Education
الدبلوم التربوي العام;General Educational Diploma Program
برنامج الدبلوم التربوي العام;General Education Diploma program
الدبلوم التربوي العام;General Educational Diploma Program
دبلوم التربية العام;General Education Diploma
الجيولوجيا العامة;General Geology
عام صحة ;General health
المواد العامة;General materials
المواد العامة;General materials
المواد العامة     ;General materials
طب وجراحة عامة;General Medicine and Surgery
عام علوم;General Science
الدراسات العامة;General Studies
علوم الأرض;Geology
الجيولوجيا;Geology
الجغرافيا;Geography
الجغرافيا;Geography
الجغرافيا;Geography
الجغرافيا;Geography
الجغرافيا ;Geography
الجغرافيا ;Geography
الجغرافيا;Geography
الجغرافيا;Geography
الجغرافيا;Geography
الجغرافيا;Geography
الجغرافيا;Geography
المسار الهندسي;Geometric path
الدرسات العليا - برنامج الماجستير;Graduate Studies - Master's program
النحو والصرف وفقه اللغة ;Grammar and philology
الرسم والفنون;Graphic arts
التصميم الجرافيكي ;Graphic design
تصميم الرسومات;Graphic Design
توجيه وإرشاد  (موازي);Guidance and counseling (parallel)
توجيه وإرشاد طلابي;Guidance and counseling for students
التوجيه والإرشاد الطلابي;Guidance and counseling students
دبلوم التوجيه والارشاد الطلابي;Guidance and counseling students Diploma
دبلوم التوجيه والارشاد الطلابي;Guidance and counseling students Diploma
دبلوم التوجيه والارشاد الطلابي;Guidance and counseling students Diploma
التوجيه والإرشاد النفسي;Guidance and psychological counseling
الحديث الشريف والدراسات الإسلامية;The Hadith and Islamic Studies
الحديث وعلومة;Hadith and its sciences
الحديث وعلومه;Hadith and its sciences
المعلوماتية الصحية;Health Informatics
المعلوماتية الصحية;Health Informatics
إدارة معلومات صحية;Health Information Management
الإدارة الصحية;Health Management
الإدارة الصحية;Health Management
الإدارة الصحية;Health Management
البرامج الصحية;Health programs
العلوم الصحية;Health Sciences
العلوم الصحية;Health Sciences
إدارة الأنظمة والجودة الصحية;Health Systems Management and Quality
المسار الصحي;Health Track
اقتصاد منزلي;Home Economics
اقتصاد منزلي;Home Economics
التاريخ والحضارة الاسلامية;History and Islamic Civilization
التاريخ والحضارة الإسلامية;History and Islamic Civilization
التاريخ والحضارة;History and civilization
الاقتصاد المنزلي;Home Economics
الاقتصاد المنزلي;Home Economics
الاقتصاد المنزلي;Home Economics
الاقتصاد المنزلي;Home Economics
الاقتصاد المنزلي;Home Economics
الاقتصاد المنزلي;Home Economics
الاقتصاد المنزلي;Home Economics
الاقتصاد المنزلي;Home Economics
الاقتصاد المنزلي;Home Economics
الاقتصاد المنزلي التربوي;Home economics education
السكن وإدارة المؤسسات;Housing and management institutions
السكن وإدارة المنزل;Housing and home management
السكن وإدارة المنزل;Housing and home management
القرآن الكريم والدراسات الإسلامية;Holy Quran and Islamic Studies
القرآن الكريم والدراسات الإسلامية;Holy Quran and Islamic Studies
القرآن الكريم والدراسات الإسلامية;Holy Quran and Islamic Studies
إدارة موارد بشرية;HR management
الدراسات الإنسانية;Humanities
العلوم الإنسانية;Humanities
البرامج الإنسانية;Humanitarian programs
الطب البشري;Human Medicine
الطب البشري;Human Medicine
الموارد البشرية;Human Resources
الموارد البشرية ;Human Resources
الموارد البشرية ;Human Resources
موارد بشرية;Human resources
إدارة الموارد البشرية;Human Resource Management
إدارة الموارد البشرية;Human Resource Management
إدارة الموارد البشرية;Human Resource Management
إدارة الموارد البشرية;Human Resource Management
العلوم الإنسانية وتقنياتها;Humanities and technologies
الإمامة والخطابة;Imamate and rhetoric
تخصص عام;Industry in
تخصص عام;Industry in
الهندسة الصناعية;Industrial Engineering
الهندسة الصناعية;Industrial Engineering
الهندسة الصناعية;Industrial Engineering
الهندسة الصناعية;Industrial Engineering
الهندسة الصناعية;Industrial Engineering
الهندسة الصناعية;Industrial Engineering
 الهندسة الصناعية;Industrial Engineering
تقنية الإدارة الصناعية;Industrial Management Technology
تقنية المعلومات والحاسب الآلي;Information and Computer Technology
المعلومات ومصادر التعلم;Information and learning resources
شبكات المعلومات;Information Networks
إدارة  المعلومات;information management
علوم المعلومات;Information Sciences
أمن المعلومات;Information Security
علم المعلومات;Information Science
نظم المعلومات;Information Systems
نظم المعلومات;Information Systems
نظم المعلومات;Information Systems
نظم المعلومات;Information Systems
نظم المعلومات;Information Systems
نظم المعلومات;Information Systems
نظم المعلومات;Information Systems
نظم المعلومات;Information Systems
تقنية المعلومات;Information technology
تقنية المعلومات;Information technology
تقنية المعلومات;Information technology
تقنية المعلومات;Information technology
تقنية المعلومات;Information technology
التصميم الداخلي;Interior Design
التصميم الداخلي;Interior Design
التصميم الداخلي;Interior Design
التصميم الداخلي;Interior Design
التصميم الداخلي;Interior Design
التصميم الداخلي;Interior Design
 هندسة التصميم الداخلي;Interior Design Engineering
هندسة  التصميم الداخلي;Interior Design Engineering
العلاقات الدولية;International Relations
التفسير ;Interpretation
العمارة الإسلامية;Islamic architecture
الثقافة الإسلامية;Islamic culture
الاقتصاد الإسلامي;Islamic economics
الإقتصاد الإسلامي ;Islamic Economics
التاريخ الإسلامي;Islamic history
السياسة الشرعية;Islamic politics
التربية الإسلامية;Islamic principals
الدراسات الإسلامية;Islamic studies
الدراسات الإسلامية;Islamic studies
الدراسات الإسلامية;Islamic studies
الدراسات الإسلامية;Islamic studies
الدراسات الإسلامية;Islamic studies
الدراسات الإسلامية;Islamic studies
الدراسات الإسلامية;Islamic studies
الدراسات الإسلامية;Islamic studies
الدراسات الإسلامية;Islamic studies
الدراسات الإسلامية;Islamic studies
الدراسات الإسلامية;Islamic studies
الدراسات الإسلامية;Islamic studies
الدراسات الإسلامية;Islamic studies
الدراسات الإسلامية;Islamic studies
الدراسات الإسلامية;Islamic studies
الدراسات الإسلامية;Islamic studies
الدراسات الإسلامية;Islamic studies
الدراسات الإسلامية;Islamic studies
الدراسات الإسلامية;Islamic studies
الدراسات الإسلامية;Islamic studies
الدراسات الإسلامية ;Islamic studies
الدراسات الاسلامية;Islamic studies
دراسات إسلامية;Islamic Studies
الدراسات الإسلامية;Islamic studies
الدراسات الإسلامية;Islamic studies
الأعمال المشترك;Joint Business
البرنامج المشترك;The joint program
أصول الفقه ;Jurisprudence 2
فقه;Jurisprudence
أصول الفقه;Jurisprudence2
القضاء والسياسة الشرعية ;The judiciary and the political legitimacy
فقه السنة ومصادرها ;The jurisprudence of the year and sources
الدراسات القضائية;Judicial Studies
رياض أطفال;Kindergartens
رياض أطفال;Kindergartens
رياض أطفال;Kindergartens
رياض أطفال;Kindergartens
رياض أطفال;Kindergartens
رياض الأطفال;Kindergarten
رياض الأطفال;Kindergarten
رياض الأطفال;Kindergarten
رياض الأطفال;Kindergarten
رياض الأطفال;Kindergarten
رياض الأطفال;Kindergarten
رياض الأطفال;Kindergarten
رياض الأطفال;Kindergarten
رياض الأطفال;Kindergarten
 رياض الأطفال;Kindergarten
القران الكريم والدراسات الإسلامية;The Koran and Islamic Studies
علوم المختبرات افكلينيكية;Laboratory Sciences Avkleniecah
تقنية المختبرات;Laboratory Technology
اللغة والثقافة;Language and culture
اللغات والترجمة;Languages ​​and Translation
اللغات والترجمة;Languages ​​and Translation
اللغات والترجمة;Languages ​​and Translation
اللغات والترجمة;Languages ​​and Translation
اللغات والترجمة;Languages ​​and Translation
القانون;Law
القانون;Law
القانون;Law
القانون;Law
القانون;Law
القانون;Law
القانون;Law
القانون;Law
القانون;Law
القانون;Law
المحاماة;Lawyer
المحاماة;Lawyer
عام الشريعة;In law
قانون;Law
القانون;Law
القانون والممارسة المهنية;Law and professional practice
الريادة في الأعمال;Leadership in Business
صعوبات تعلم  (موازي);Learning difficulties (parallel)
مراكز مصادر التعلم;Learning Resource Centers
علم المكتبات والمعلومات;Library and information science
التحرير والسكرتارية;Liberation and secretarial
علوم الحياة;Life Sciences
علوم الحياة;Life Sciences
علوم الحياة;Life Sciences
اللغويات ;Linguistics
اللغويات;Linguistics
عام الإعداد اللغوي;In the linguistic preparation
السنة التحضيرية للكليات الأدبية;Literary preparatory year for colleges
السنة التحضيرية للكليات الأدبية;Literary preparatory year for colleges
الأدب والبلاغة ;Literature and Rhetoric
الإمداد والتموين;Logistics
علوم المحتبرات الطبية;Mahnbarat Medical Sciences
صيانة المعدات الطبية;Maintenance of medical equipment
نظم المعلومات الإدارية;Management information systems
نظم المعلومات الإدارية;Management information systems
نظم المعلومات الإدارية;Management information systems
نظم المعلومات الإدارية;Management information systems
نظم المعلومات الإدارية;Management information systems
نظم المعلومات الإدارية;Management information systems
نظم المعلومات الإدارية ;Management information systems
نظم معلومات إدارية;Management Information Systems
نظم المعلومات الإدارية;Management information systems
نظم المعلومات الإدارية;Management information systems
الإدارة والتسويق;Management and Marketing
الإدارة والتسويق وريادة الأعمال;Management, marketing and entrepreneurship
إدارة وتعليم التمريض;Management and nursing education
نظم معلومات جغرافية وخرائط;Maps and geographic information systems
الأحياء البحرية;Marine Biology
الكيمياء البحرية;Marine Chemistry
الفيزياء البحرية;Marine Physics
الماجستير في إدارة الأعمال;Master of Business Administration
الماجستير في إدارة الأعمال;Master of Business Administration
ماجستير ادارة الأعمال;Master of Business Administration
برنامج ماجستير العلوم في تحلية المياة المشترك;Master of Science Program in the joint Desalination
الماجستير في إدارة الموارد البشرية;Master's degree in Human Resources Management
تمريض صحة الأمومة والطفولة;Maternal and child health nursing
الرياضيات;Mathematics
الرياضيات;Mathematics
الرياضيات;Mathematics
الرياضيات;Mathematics
الرياضيات;Mathematics
الرياضيات;Mathematics
الرياضيات;Mathematics
الرياضيات;Mathematics
الرياضيات;Mathematics
الرياضيات;Mathematics
الرياضيات;Mathematics
الرياضيات;Mathematics
الرياضيات;Mathematics
الرياضيات;Mathematics
الرياضيات;Mathematics
الرياضيات;Mathematics
الرياضيات;Mathematics
الرياضيات;Mathematics
الرياضيات;Mathematics
الرياضيات;Mathematics
الرياضيات;Mathematics
الرياضيات;Mathematics
الرياضيات;Mathematics
الرياضيات;Mathematics
الرياضيات;Mathematics
الرياضيات;Mathematics
رياضيات;Mathematics
رياضيات;Mathematics
رياضيات;Mathematics
رياضيات;Mathematics
الرياضيات;Mathematics
الرياضيات;Mathematics
الر ياضيات ;Mathematics
العلوم الرياضية;Mathematical Sciences
الرياضيات والإحصاء;Mathematics and Statistics
الرياضيات والإحصاء;Mathematics and Statistics
القياس والتقويم;Measurement and Evaluation
وسائل وتكنولوجيا التعليم;Means and Technology Education
الهندسة الميكانيكية;Mechanical engineering
الهندسة الميكانيكية;Mechanical engineering
الهندسة الميكانيكية;Mechanical engineering
الهندسة الميكانيكية;Mechanical engineering
الهندسة الميكانيكية;Mechanical engineering
الهندسة الميكانيكية;Mechanical engineering
الهندسة الميكانيكية;Mechanical engineering
هندسة ميكانيكية;Mechanical engineering
هندسة ميكانيكية;Mechanical engineering
الهندسة الميكانيكية;Mechanical engineering
الهندسة الميكانيكية;Mechanical engineering
الهندسة الميكانيكية;Mechanical engineering
تقنية الهندسة الميكانيكية;Mechanical Engineering Technology
تقنية الهندسة الميكانيكية;Mechanical Engineering Technology
التقنية الميكانيكية ;Mechanical Technology
التقنية الميكانيكية ;Mechanical Technology
التقنية الميكانيكية ;Mechanical Technology
التقنية الميكانيكية ;Mechanical Technology
الطب;Medicine
طب بشري;Medicine
الإعلام والأتصال;Media and Communication
تقنية الأجهزة الطبية;Medical Device Technology
التعليم الطبي;Medical Education
التعليم الطبي;Medical Education
التوعية والتعزيز الطبي;Medical education and promotion
الوبائيات والإحصاء الطبي الحيوي;Medical epidemiology and vital statistics
الطب والجراحة العامة;Medicine and General Surgery
الإعلام;Media
الاعلام;Media
الإعلام;Media
الإعلام;Media
المختبرات الطبية;Medical Laboratory
المختبرات الطبية;Medical Laboratory
مختبرات طبية;Medical labs
مختبرات طبية;Medical labs
مختبرات طبية;Medical labs
علوم المختبرات الطبية;Medical Laboratory Science
علوم المختبرات الطبية;Medical Laboratory Science
علوم المختبرات الطبية;Medical Laboratory Science
علوم المختبرات الطبية;Medical Laboratory Science
علوم المختبرات الطبية;Medical Laboratory Science
علوم المختبرات الطبية;Medical Laboratory Science
تقنية المختبرات الطبية;Medical Laboratory Technology
تقنية المختبرات الطبية;Medical Laboratory Technology
تقنية المختبرات الطبية;Medical Laboratory Technology
تقنية المختبرات الطبية;Medical Laboratory Technology
فني المختبرات الطبية;Medical Laboratory Technician
الكائنات الدقيقة الطبية;Medical Microbiology
السجلات الطبية;Medical records
السجلات الطبية;Medical records
نظم السجلات الطبية;Medical records systems
السكرتارية الطبية;Medical Secretary
السكرتارية الطبية;Medical Secretary
سكرتارية طبية;Medical Secretary
القسم الطبي;Medical Section
الطب والجراحة;Medicine and Surgery
الطب والجراحة;Medicine and Surgery
الطب والجراحة;Medicine and Surgery
طب وجراحة;Medicine and Surgery
طب وجراحة;Medicine and Surgery
طب وجراحة;Medicine and Surgery
التمريض الطبي الجراحي;Medical Surgical Nursing
القبالة;Midwifery
القبالة;Midwifery
 محضري مختبرات;Minutes of laboratories
التسويق;Marketing
التسويق;Marketing
التسويق;Marketing
التسويق;Marketing
التسويق;Marketing
التسويق;Marketing
التسويق;Marketing
التسويق;Marketing
تسويق;Marketing
تسويق;Marketing
تسويق;Marketing
التسويق والتجارة الإلكترونية;Marketing and e-commerce
التسويق والتجارة الإلكترونية;Marketing and e-commerce
التسويق والإدارة;Marketing and Management
علوم الحديث ;Modern Science
تمريض باطني وجراحي;Mystical and surgical nursing
النواتج الطبيعية;Natural Products
الطبيعية والهندسية;Natural and engineering
العلاج الطبيعي;Natural therapy
العلاج الطبيعي;Natural therapy
العلاج الطبيعي;Natural therapy
العلاج الطبيعي;Natural therapy
العلاج الطبيعي;Natural therapy
هندسة الشبكات;Network Engineering
طب الأعصاب;Neurology
مستجد;Newcomer
مستجد;Newcomer
مستجد;Newcomer
مستجد;Newcomer
مستجد العلوم والآداب;Newcomer of Arts and Sciences
مستجد الحاسبات وتقنية المعلومات;Newcomer Computing and Information Technology
مستجد آداب;Newcomer etiquette
مستجد آداب;Newcomer etiquette
مستجد ادب;Newcomer literature
مستجد علوم;Newcomer Sciences
مستجد علوم;Newcomer Sciences
مستجد علوم وهندسة الحاسبات;Newcomer Science and Computer Engineering
غير متخصص;Non-specialist
غير متخصص;Non-specialist
الهندسة النووية;Nuclear Engineering
الطب النووي;Nuclear medicine
التمريض;Nursing
التمريض;Nursing
التمريض;Nursing
التمريض;Nursing
التمريض;Nursing
التمريض;Nursing
التمريض;Nursing
التمريض;Nursing
التمريض;Nursing
التمريض;Nursing
التمريض;Nursing
التمريض;Nursing
التمريض;Nursing
التمريض;Nursing
التمريض;Nursing
التمريض;Nursing
التمريض;Nursing
تجسير تمريض عام;Nursing Bridging year
تمريض;Nursing
تمريض;Nursing
تمريض;Nursing
تمريض;Nursing
تمريض;Nursing
تمريض;Nursing
تمريض عام;In Nursing
عام تمريض ;In Nursing
تمريض الحالات الحرجة;Nursing critical situations
علوم التمريض;Nursing Science
علوم تمريض;Nursing Science
فني تمريض;Nursing technician
التغذية وعلوم الأطعمة;Nutrition and Food Science
التغذية وعلوم الأطعمة;Nutrition and Food Science
النساء والولادة;Obstetrics and Gynecology
الإدارة المكتبية;Office Management
الإدارة المكتبية;Office Management
الإدارة المكتبية;Office Management
إدارة العمليات والمعلومات;Operations and Information Management
البصريات;Optics
جراحة الوجه والفكين;Oral and Maxillofacial Surgery
صحة الفم والأسنان;Oral and dental health
أخرى;Other
طب وجراحة العيون;Ophthalmology
علم الأمراض;Pathology
طب الأطفال;Pediatrics
طب أسنان الأطفال وتقويم الأسنان;Pediatric Dentistry and Orthodontics
تمريض الأطفال;Pediatric Nursing
هندسة البترول;Petrol Engineering
الصيدلة;Pharmacy
الصيدلة;Pharmacy
الصيدلة;Pharmacy
الصيدلة;Pharmacy
الصيدلة;Pharmacy
الصيدلة;Pharmacy
الصيدلة;Pharmacy
الصيدلة ;Pharmacy
الصيدلة;Pharmacy
الصيدلانيات;Pharmaceutics
صيدلة;Pharmacy
الكيمياء الصيدلية;Pharmaceutical Chemistry
علم الأدوية;Pharmacology
علوم الأدوية;Pharmaceutical sciences
الصيدلة والعلوم الطبية;Pharmacy and Medical Sciences
الصيدلة والعلوم الطبية;Pharmacy and Medical Sciences
العلوم الصيدلية;Pharmaceutical Sciences
فني صيدلة;Pharmacy technician
الفيزياء;Physics
الفيزياء;Physics
الفيزياء;Physics
الفيزياء;Physics
الفيزياء;Physics
الفيزياء;Physics
الفيزياء;Physics
الفيزياء;Physics
الفيزياء;Physics
الفيزياء;Physics
الفيزياء;Physics
الفيزياء;Physics
الفيزياء;Physics
الفيزياء;Physics
الفيزياء;Physics
الفيزياء;Physics
الفيزياء;Physics
الفيزياء ;Physics
الفيزياء ;Physics
فيزياء;Physics
فيزياء;Physics
فيزياء;Physics
فيزياء;Physics
الفيزياء;Physics
الفيزياء;Physics
الفيزياء;Physics
الفيزياء والفلك;Physics and Astronomy
التربية البدنية;Physical education
التربية البدنية;Physical education
التربية البدنية ;Physical education
التربية البدنية;Physical education
التربية الرياضية وعلوم الحركة;Physical Education and Movement Sciences
التربية البدنية والعلوم الرياضية;Physical Education and Sports Science
الطب الطبيعي وإعادة التأهيل;Physical Medicine and Rehabilitation
علاج طبيعي;Physiotherapy
علم وظائف الأعضاء;Physiology
وظائف الأعضاء;Physiology
وظائف الأعضاء;Physiology
العلاج الطبيعي والتأهيل الصحي;Physiotherapy and Rehabilitation
الإنتاج النباتي;Plant Production
وقاية نبات;Plant Protection
العلوم السياسية;Political Science
العلوم السياسية;Political Science
برنامج تحضيري;Preparatory program
تمهيدي كلية المجتمع;Preliminary Community College
صيدلة عام;Precision year
إعداد العلوم الطبيعية;Preparation of Natural Sciences
إعداد العلوم الطبيعية;Preparation of Natural Sciences
إعداد العلوم الطبيعية;Preparation of Natural Sciences
إعداد عام;In preparation
إعداد عام ;In preparation
إعداد عام ;In preparation
 سنة تحضيرية;Preparatory year
السنة تحضيرية;Preparatory Year
سنة تحضيرية;Preparatory year
سنة تحضيرية;Preparatory year
سنة تحضيرية;Preparatory year
سنة تحضيرية;Preparatory year
الصحافة والإعلام;Press and media
علوم طب الأسنان الوقائي;Preventive Dental Sciences
التعليم الإبتدائي;Primary education
تعليم إبتدائي;Primary education
تقنية البرمجة وقواعد البيانات;Programming and database technology
المحاسبة المهنية;Professional Accounting
إدارة مشاريع;Project Management
علم النفس;Psychology
علم النفس;Psychology
علم النفس;Psychology
علم النفس;Psychology
علم النفس;Psychology
علم النفس;Psychology
علم النفس;Psychology
علم النفس;Psychology
علم النفس;Psychology
علم النفس;Psychology
تحضيري معاهد علمية;Preparatory scientific institutes
الطب النفسي;Psychiatry
عام;Public
عام;Public
عام;Public
عام;Public
عام;Public
عام;Public
عام;Public
عام;Public
عام;Public
عام;Public
عام;Public
عام;Public
عام;Public
عام;Public
الصحة العامة;Public Health
الصحة العامة ;Public Health
الصحة العامة ;Public Health
الصحة العامة;Public Health
القانون العام;Public Law
أصول التربية الإسلامية العامة ;Public assets of Islamic Education
العلاقات العامة ;Public Relations
علاقات عامة;public relations
 السنة التحضيرية;PY
السنة التحضيرية;PY
السنة التحضيرية;PY
السنة التحضيرية;PY
السنة التحضيرية;PY
السنة التحضيرية;PY
السنة التحضيرية;PY
السنة التحضيرية;PY
السنة التحضيرية;PY
السنة التحضيرية;PY
السنة التحضيرية;PY
السنة التحضيرية;PY
السنة التحضيرية;PY
السنة التحضيرية;PY
السنة التحضيرية;PY
السنة التحضيرية;PY
السنة التحضيرية;PY
السنة التحضيرية;PY
السنة التحضيرية;PY
السنة التحضيرية;PY
السنة التحضيرية;PY
السنة التحضيرية;PY
السنة التحضيرية;PY
السنة التحضيرية;PY
السنة التحضيرية;PY
السنة التحضيرية;PY
السنة التحضيرية;PY
السنة التحضيرية;PY
السنة التحضيرية;PY
السنة التحضيرية;PY
السنة التحضيرية;PY
السنة التحضيرية;PY
السنة التحضيرية;PY
السنة التحضيرية;PY
السنة التحضيرية;PY
السنة التحضيرية;PY
السنة التحضيرية;PY
السنة التحضيرية;PY
السنة التحضيرية;PY
السنة التحضيرية;PY
السنة التحضيرية;PY
السنة التحضيرية;PY
السنة التحضيرية;PY
السنة التحضيرية;PY
السنة التحضيرية;PY
السنة التحضيرية;PY
السنة التحضيرية;PY
السنة التحضيرية;PY
السنة التحضيرية;PY
السنة التحضيرية;PY
السنة التحضيرية ;PY
السنة التحضيرية ;PY
السنة التحضيرية ;PY
السنة التحضيرية ;PY
السنة التحضيرية -  بالليث;Preparatory Year - Ballit
السنة التحضيرية ـ صيدلة سريرية;Preparatory Year Clinical Pharmacy
سنة تحضيرية علوم الحاسب وتقنية المعلومات;Preparatory year of Computer Science and Information Technology
السنة التحضيرية - الكليات الهندسية والعلمية;Preparatory Year - engineering and science colleges
السنة التحضيرية - مسار الهندسة والحاسب الآلي بالقنفذة;Preparatory Year - Engineering and Computer Jouf path
السنة التحضيرية آداب;Preparatory Year etiquette
السنة التحضيرية لكلية العلوم الادارية والسياحة;Preparatory Year of the Faculty of Administrative Sciences and Tourism
السنة التحضيرية - الكليات الصحية;Preparatory Year - Health Colleges
السنة التحضيرية - الكليات الإنسانية;Preparatory Year - humanitarian colleges
السنة التحضيرية بشمال جدة;PY northern Jeddah
برنامج السنة التحضيرية;Preparatory Year Program
السنة التحضيرية - مسار الكليات العلمية;Preparatory Year - the path of scientific colleges
السنة التحضيرية - مسار الكليات العلمية;Preparatory Year - the path of scientific colleges
السنة التحضيرية - مسار الكليات العلمية;Preparatory Year - the path of scientific colleges
السنة التحضيرية للكليات العلمية;PY science faculties
السنة التحضيرية - مسار الكليات الطبية;Preparatory Year - track medical colleges
السنة التحضيرية - مسار الكليات الطبية بالقنفذة;Preparatory Year - track medical colleges Jouf
التحليل الكمي;Quantitative analysis
القرآن وعلومه;Quran and its Sciences
القرآن وعلومه;Quran and its Sciences
الكتاب والسنة;Quran and Sunnah
الدراسات القرآنية;Quranic Studies
طب الأشعة;Radiology
الأشعة وعلوم التصوير;Radiology and Imaging Sciences
العلوم الإشعاعية;Radiological Sciences
العلوم الإشعاعية;Radiological Sciences
القراءات;Readings
القراءات;Readings
القراءات;Readings
القراءات ;Readings
أصول الدين;Religion basics
أصول الدين;Religion basics
أصول الدين;Religion basics
أصول الدين ;Religion basics
العلاج التنفسي;Respiratory Therapy
العلاج التنفسي;Respiratory Therapy
علوم إصلاح الأسنان;Restorative Dental Sciences
البلاغة والنقد;Rhetoric and criticism
البلاغة والنقد ومنهج الأدب الإسلامي;Rhetoric and criticism and the methodology of Islamic literature
حقوق;Rights
الحقوق;Rights
الحقوق;Rights
الصفوف الإولية;Initial rows
تقنية السلامة ;Safety Technology
إدارة المبيعات;Sales Administration
إدارة المبيعات;Sales Administration
العلوم الإدرارية;Science Aladrarah
العلوم في الهندسة المدنية  ;Science in Civil Engineering
العلوم في الهندسة الكهربائية ;Science in Electrical Engineering
برنامج العلوم والهندسة;Science and Engineering Program
علوم وإدارة موارد المياه;Science and management of water resources
البرامج العلمية;Scientific programs
برنامج العلوم في العلوم البيئية;Science program in Environmental Sciences
المسار العلمي ;Scientific track
السكرتارية;Secretarial
تقنية الخياطة والتفصيل;Sewing technique and detail
الشريعة;Sharia
الشريعة;Sharia
الشريعة;Sharia
الشريعة;Sharia
الشريعة;Sharia
الشريعة;Sharia
الشريعة;Sharia
الشريعة;Sharia
الشريعة ;Sharia
الشريعة ;Sharia
الشريعة ;Sharia
الشريعة;Sharia
الشريعة والدراسات الإسلامية;Sharia and Islamic Studies
علم الأجتماع;Sociology
العلوم الاجتماعية;Social science
العلوم الاجتماعية;Social science
الخدمة الاجتماعية;Social Service
الخدمة الاجتماعية;Social Service
البرامج;Software
البرامج;Software
البرامج;Software
هندسة برمجيات;Software Engineering
هندسة برمجيات;Software Engineering
هندسة البرمجيات;Software Engineering
علوم التربة;Soil Science
الاجتماع والخدمة الاجتماعية;Sociology and Social Service
الاجتماع والخدمة الاجتماعية;Sociology and Social Service
علم الجتماع والخدمة الاجتماعية;Sociology and social work
الدراسات الاجتماعية;Social Studies
الدراسات الاجتماعية;Social Studies
مصادر تعلم;Sources learn
تربية خاصة;Special breeding
تربية خاصة;Special breeding
تربية خاصة;Special breeding
التربية الخاصة;Special Education
التربية الخاصة;Special Education
التربية الخاصة;Special Education
التربية الخاصة;Special Education
التربية الخاصة;Special Education
التربية الخاصة;Special Education
التربية الخاصة;Special Education
التربية الخاصة;Special Education
التربية الخاصة;Special Education
التربية الخاصة;Special Education
التربية الخاصة;Special Education
التربية الخاصة;Special Education
التربية الخاصة;Special Education
التربية الخاصة;Special Education
التربية الخاصة;Special Education
التربية الخاصة ;Special Education
التربية الخاصة ;Special Education
التربية الخاصة ;Special Education
التربية الخاصة ;Special Education
التربية الخاصة;Special Education
التربية الخاصة;Special Education
التربية الخاصة;Special Education
علوم النطق واللغة والسمع;Speech-Language and Hearing Sciences
الادارة الرياضية;Sports management
الإدارةالرياضية;Sports management
تقنية خاصة;Special technology
الدراسات العليا العربية;Studies Arab Higher
الإحصاء;Statistics
الإحصاء وبحوث العمليات;Statistics and Operations Research
البرنامج التكميلي لبكالوريوس التمريض;Supplementary program for the Bachelor of Nursing
البرنامج التكميلي لبكالوريوس التمريض;Supplementary program for the Bachelor of Nursing
الجراحة;Surgery
الأنظمة;Systems
الأنظمة;Systems
الأنظمة;Systems
الأنظمة;Systems
الأنظمة;Systems
الأنظمة ;Systems
الأنظمة;Systems
الأنظمة;Systems
هندسة النظم;Systems Engineering
تعليم اللغة العربية;Teach Arabic
إعداد المعلمين;Teacher Preparation
تدريب المعلمين;Teacher Training
تقنية الهندسة الكهربائية والإلكترونية;Technology Electrical and Electronic Engineering
تقنية الهندسة الكهربائية والإلكترونية;Technology Electrical and Electronic Engineering
التقنية الخاصة;Technical
التقنية الخاصة;Technical
تقنية الهندسة الكيميائية;Technology Chemical Engineering
تقنية الهندسة الكيميائية ;Technology Chemical Engineering
تقنية وإدارة المعلومات الصحية;Technology and health information management
تقنية مختبرات;Technology Labs
تقنية الهندسة الميكانيكية والتصنيع;Technology Mechanical Engineering and Manufacturing
فني سكرتارية طبية;Technician Medical Secretary
التشريح التقني والأنسجة;Technical and tissue anatomy
تقنية وإدارة مكاتب;Technology and management offices
الأنسجة المحيطة بالأسنان وصحة أسنان المجتمع;Tissue surrounding the teeth and dental health community
جملة;Total
جملة;Total
جملة;Total
جملة;Total
جملة;Total
جملة;Total
جملة;Total
جملة;Total
جملة;Total
جملة;Total
جملة;Total
جملة;Total
جملة;Total
جملة;Total
جملة;Total
جملة;Total
جملة;Total
جملة;Total
جملة;Total
جملة;Total
جملة;Total
جملة;Total
جملة;Total
جملة;Total
جملة;Total
جملة;Total
جملة;Total
جملة;Total
جملة;Total
جملة;Total
جملة;Total
جملة;Total
جملة;Total
جملة;Total
جملة;Total
جملة;Total
جملة;Total
جملة;Total
جملة;Total
جملة;Total
جملة;Total
جملة;Total
جملة;Total
جملة;Total
جملة;Total
جملة;Total
جملة;Total
جملة;Total
جملة;Total
جملة;Total
جملة;Total
جملة;Total
جملة;Total
جملة;Total
جملة;Total
جملة;Total
جملة;Total
جملة;Total
جملة;Total
جملة;Total
جملة;Total
جملة;Total
جملة;Total
جملة;Total
جملة;Total
جملة;Total
جملة;Total
جملة;Total
جملة;Total
جملة;Total
جملة;Total
جملة;Total
جملة;Total
جملة;Total
جملة;Total
جملة;Total
جملة;Total
جملة;Total
جملة;Total
جملة;Total
جملة;Total
جملة;Total
جملة;Total
جملة;Total
جملة;Total
جملة;Total
جملة;Total
جملة;Total
جملة;Total
جملة;Total
جملة;Total
جملة;Total
جملة;Total
جملة;Total
جملة;Total
جملة;Total
جملة;Total
جملة;Total
جملة;Total
جملة;Total
جملة;Total
جملة;Total
جملة;Total
جملة;Total
جملة;Total
جملة;Total
جملة;Total
جملة;Total
جملة;Total
جملة;Total
جملة;Total
جملة;Total
جملة;Total
جملة;Total
جملة;Total
جملة;Total
جملة;Total
جملة;Total
جملة;Total
جملة;Total
جملة;Total
جملة;Total
جملة;Total
جملة;Total
جملة;Total
جملة;Total
جملة;Total
جملة;Total
جملة;Total
جملة;Total
جملة;Total
جملة;Total
جملة;Total
جملة;Total
جملة;Total
جملة;Total
جملة;Total
جملة;Total
جملة;Total
جملة;Total
جملة;Total
جملة;Total
جملة;Total
جملة;Total
جملة;Total
جملة;Total
جملة;Total
جملة;Total
جملة;Total
جملة;Total
جملة;Total
جملة;Total
جملة;Total
جملة;Total
جملة;Total
جملة;Total
جملة;Total
جملة;Total
جملة;Total
جملة;Total
جملة;Total
جملة;Total
جملة;Total
جملة;Total
جملة;Total
جملة;Total
جملة;Total
جملة;Total
جملة;Total
جملة;Total
جملة;Total
جملة;Total
جملة;Total
جملة;Total
جملة;Total
جملة;Total
جملة;Total
جملة;Total
جملة;Total
جملة;Total
جملة;Total
جملة;Total
جملة;Total
جملة;Total
جملة;Total
جملة;Total
جملة;Total
جملة;Total
جملة;Total
جملة;Total
جملة;Total
جملة;Total
جملة;Total
جملة;Total
جملة;Total
جملة;Total
جملة;Total
جملة;Total
جملة;Total
جملة;Total
جملة;Total
جملة;Total
جملة;Total
جملة;Total
جملة;Total
جملة;Total
جملة;Total
جملة;Total
جملة;Total
جملة;Total
جملة;Total
جملة;Total
جملة;Total
جملة;Total
جملة;Total
جملة;Total
جملة;Total
جملة;Total
جملة;Total
جملة;Total
جملة;Total
جملة;Total
جملة;Total
جملة;Total
جملة;Total
جملة;Total
جملة;Total
جملة;Total
جملة;Total
جملة;Total
جملة;Total
جملة;Total
جملة;Total
جملة;Total
جملة;Total
جملة;Total
جملة;Total
جملة;Total
جملة;Total
جملة;Total
جملة;Total
جملة;Total
جملة;Total
جملة;Total
جملة;Total
جملة;Total
جملة;Total
جملة;Total
جملة;Total
جملة;Total
جملة;Total
جملة;Total
جملة;Total
جملة;Total
جملة;Total
جملة;Total
جملة;Total
جملة;Total
جملة;Total
جملة;Total
جملة;Total
جملة;Total
جملة;Total
جملة;Total
جملة;Total
جملة;Total
جملة;Total
جملة;Total
جملة;Total
جملة;Total
جملة;Total
جملة;Total
جملة;Total
جملة;Total
جملة;Total
جملة;Total
جملة;Total
جملة;Total
جملة;Total
جملة;Total
جملة;Total
جملة;Total
جملة;Total
جملة;Total
جملة;Total
جملة;Total
جملة;Total
جملة;Total
جملة;Total
جملة;Total
جملة;Total
جملة;Total
جملة;Total
جملة;Total
جملة;Total
جملة;Total
جملة;Total
جملة;Total
جملة;Total
جملة;Total
جملة;Total
جملة;Total
جملة;Total
جملة;Total
جملة;Total
جملة;Total
جملة;Total
جملة;Total
جملة;Total
جملة;Total
جملة;Total
جملة;Total
جملة;Total
جملة;Total
جملة;Total
جملة;Total
جملة;Total
جملة;Total
جملة;Total
جملة;Total
جملة;Total
جملة;Total
جملة;Total
جملة;Total
جملة;Total
جملة;Total
جملة;Total
جملة;Total
جملة;Total
جملة;Total
جملة;Total
جملة;Total
جملة;Total
جملة;Total
جملة;Total
جملة;Total
جملة;Total
جملة;Total
جملة;Total
جملة;Total
جملة;Total
جملة;Total
جملة;Total
جملة;Total
جملة;Total
جملة;Total
جملة;Total
جملة;Total
جملة;Total
جملة;Total
جملة;Total
جملة;Total
جملة;Total
جملة;Total
جملة;Total
جملة;Total
جملة;Total
جملة;Total
جملة;Total
جملة;Total
جملة;Total
جملة;Total
جملة;Total
جملة;Total
جملة;Total
جملة;Total
جملة;Total
جملة;Total
جملة;Total
جملة;Total
جملة;Total
جملة;Total
جملة;Total
جملة;Total
جملة;Total
جملة;Total
جملة;Total
جملة;Total
جملة;Total
جملة;Total
جملة;Total
جملة;Total
جملة;Total
جملة;Total
جملة;Total
جملة;Total
جملة;Total
جملة;Total
جملة;Total
جملة;Total
جملة;Total
جملة;Total
جملة;Total
جملة;Total
جملة;Total
جملة;Total
جملة;Total
جملة;Total
جملة;Total
جملة;Total
جملة;Total
جملة;Total
جملة;Total
جملة;Total
جملة;Total
جملة;Total
جملة;Total
جملة;Total
جملة;Total
جملة;Total
جملة;Total
جملة;Total
جملة;Total
جملة;Total
جملة;Total
جملة;Total
جملة;Total
جملة;Total
جملة;Total
جملة;Total
جملة;Total
جملة;Total
جملة;Total
جملة;Total
جملة;Total
جملة;Total
جملة;Total
جملة;Total
جملة;Total
جملة;Total
جملة;Total
جملة;Total
جملة;Total
جملة;Total
جملة;Total
جملة;Total
جملة;Total
جملة;Total
جملة;Total
جملة;Total
جملة;Total
جملة;Total
جملة;Total
جملة;Total
جملة;Total
جملة;Total
جملة;Total
جملة;Total
جملة;Total
جملة;Total
جملة;Total
جملة;Total
جملة;Total
جملة;Total
جملة;Total
جملة;Total
جملة;Total
جملة;Total
جملة;Total
جملة;Total
جملة;Total
جملة;Total
جملة;Total
جملة;Total
جملة;Total
جملة;Total
جملة;Total
جملة;Total
جملة;Total
جملة;Total
جملة;Total
جملة;Total
جملة;Total
جملة;Total
جملة;Total
جملة;Total
جملة;Total
جملة;Total
جملة;Total
جملة;Total
جملة;Total
السياحة والآثار;Tourism and Antiquities
السياحة والفندقة;Tourism and hospitality
السياحة والفندقة;Tourism and hospitality
تقنية السياحة والفندقة;Tourism and Hospitality Technology
تقنية السياحة والفندقة;Tourism and Hospitality Technology
مركز الدورات التدريبية;Training Center
الترجمة ;Translation
أمناء مصادر التعليم;Trustees of the Educational Resources
البرنامج الموحد للكلية الصحية;Unified health program for the College
البرنامج الموحد للكليات الهندسية والعلمية;Unified program for colleges of engineering and scientific
غير محدد;Unlimited
غير محدد;Unlimited
غير محدد ;Unlimited
التخطيط العمراني;Urban planning
 التخطيط الحضري والإقليمي;Urban and Regional Planning
التخطيط الحضري والإقليمي;Urban and Regional Planning
الطب البيطري;Veterinary Medicine
الصحة العامة البيطرية ورعاية الحيوان;Veterinary public health and animal welfare
الإنتاج المرئي والرقمي;Visual and digital production
تقنية التزيين النسائي;Women decking Technology
الأشعة;X
السنة التأهيلية المسائية - اللغة العربية;Year rehabilitative evening - Arabic Language
السنة التأهيلية المسائية اللغة العربية طالبات;Year rehabilitative evening Arabic language students
السنة التأهيلية المسائية العلوم التطبيقية طالبات;Year rehabilitative evening Applied Science students
السنة التأهيلية المسائية - الدعوة وأصول الدين;Year rehabilitative evening - Dawa and Fundamentals of Religion
السنة التأهيلية المسائية - التربية بمكة المكرمة;Year rehabilitative evening - Education in Makkah
السنة التأهيلية المسائية-الكلية الجامعية بالقنفذة ـ طلاب;Evening-year qualifying university Jouf College Students
السنة التأهيلية المسائية - الشريعة;Year rehabilitative evening - Sharia
السنة التأهيلية المسائية - العلوم الاجتماعية;Year rehabilitative evening - Social Sciences
سنة تحضيرية مالية وإدارية;Year preparatory financial and administrative
سنة تحضيرية علوم طبية;Year preparatory Medical Sciences
السنة وعلومها;Year and sciences
السنة وعلومها;Year and sciences
السنة وعلومها;Year and sciences
علم الحيوان;Zoology